minute,peak_rss_gib,minimum_free_disk_gib
0,2.37109375,35.08137893676758
1,2.4093170166015625,34.912635803222656
2,2.1208648681640625,34.74020004272461
3,1.7588348388671875,34.61934280395508
4,1.8430023193359375,34.40037155151367
5,1.6716461181640625,34.28899383544922
6,1.9059600830078125,34.08823776245117
7,1.66082763671875,32.76344299316406
8,1.5651397705078125,32.63349151611328
9,1.3235626220703125,32.499908447265625
10,1.00238037109375,32.36727523803711
11,0.928802490234375,32.36370086669922
12,1.0420074462890625,33.47344970703125
13,1.32757568359375,33.18544006347656
14,1.1776885986328125,32.92748260498047
15,1.47137451171875,32.745697021484375
16,2.263671875,32.522701263427734
17,1.6152801513671875,32.4919319152832
18,1.9518585205078125,32.45591354370117
19,1.7192840576171875,32.408878326416016
20,1.6063385009765625,32.37118148803711
21,1.676544189453125,32.319175720214844
22,2.7712860107421875,32.27977752685547
23,2.105865478515625,31.845294952392578
24,2.4166107177734375,31.7576904296875
25,2.126708984375,31.174415588378906
26,1.8094635009765625,30.649288177490234
27,2.5269927978515625,29.422412872314453
28,2.5479888916015625,29.363563537597656
29,2.9670562744140625,29.320510864257812
30,2.6404571533203125,29.286651611328125
31,2.4102020263671875,29.25067138671875
32,2.4525299072265625,29.218631744384766
33,2.5959320068359375,29.183956146240234
34,2.506988525390625,29.14453125
35,2.7675323486328125,29.110172271728516
36,2.0453338623046875,29.079971313476562
37,2.3916168212890625,29.05583953857422
38,2.2879791259765625,29.02008056640625
39,2.8213958740234375,28.986835479736328
40,2.314178466796875,28.94495391845703
41,2.10906982421875,28.905323028564453
42,2.7912750244140625,28.86931610107422
43,2.955810546875,28.82880401611328
44,2.7691802978515625,28.79228973388672
45,2.573089599609375,28.758586883544922
46,2.489776611328125,28.734512329101562
47,2.5567169189453125,28.715023040771484
48,2.8805389404296875,28.69457244873047
49,2.9591064453125,28.672019958496094
50,2.5491943359375,28.65438461303711
51,2.5437469482421875,28.628337860107422
52,2.8767242431640625,28.604503631591797
53,3.0622406005859375,28.585479736328125
54,2.6143035888671875,28.56591796875
55,2.943756103515625,28.540241241455078
56,2.89398193359375,28.515335083007812
57,3.048126220703125,28.48810577392578
58,2.76812744140625,28.453868865966797
59,2.3952178955078125,28.42270278930664
60,2.9086151123046875,28.40081787109375
61,2.4554901123046875,27.971721649169922
62,2.8603363037109375,27.54387664794922
63,2.1451263427734375,27.510814666748047
64,2.6257476806640625,27.47188949584961
65,1.97283935546875,27.035892486572266
66,2.88836669921875,26.213829040527344
67,4.5092010498046875,23.792644500732422
68,4.281524658203125,22.80520248413086
69,2.87261962890625,22.765636444091797
70,2.311309814453125,22.72064208984375
71,2.34393310546875,22.67247772216797
72,3.3279876708984375,22.648544311523438
73,3.3876800537109375,22.63164520263672
74,2.303192138671875,22.161819458007812
75,3.3699798583984375,22.096473693847656
76,2.3856048583984375,22.06527328491211
77,2.3734588623046875,22.026081085205078
78,3.1007537841796875,21.989063262939453
79,3.3744659423828125,21.956417083740234
80,2.5984039306640625,21.92980194091797
81,2.9287567138671875,21.90265655517578
82,3.1470947265625,21.86513900756836
83,2.4138031005859375,21.832626342773438
84,2.1590728759765625,19.872974395751953
85,1.8958282470703125,19.719680786132812
