minute_bucket,last_elapsed_minutes,peak_sampled_descendant_rss_GiB,minimum_free_disk_GiB,samples
0,0.9679218423500003,2.1904449462890625,35.6414794921875,27
1,1.9919221735999997,2.413177490234375,35.084739685058594,28
2,2.9688638465166663,2.13519287109375,34.91001892089844,27
3,3.9834986902666665,1.5806427001953125,34.67424392700195,28
4,4.9701379645833335,1.655853271484375,34.58115768432617,27
5,5.9827654625,1.4746856689453125,34.3529167175293,28
6,6.964764359716666,1.3915863037109375,34.1744384765625,27
7,7.9744352826333325,1.5838623046875,34.03004837036133,28
8,8.975202207633334,1.68096923828125,33.76051330566406,28
9,9.987467085416665,1.9585418701171875,33.40475845336914,28
10,10.973888441666668,1.66339111328125,33.270477294921875,27
11,11.977213363883333,1.8832550048828125,33.01189041137695,28
12,12.975150752766668,1.8260498046875,32.85542678833008,28
13,13.974124811100001,1.7207794189453125,32.62010192871094,28
14,14.978174812499999,2.061065673828125,32.42959213256836,28
15,15.985984800683331,1.61480712890625,32.188148498535156,28
16,16.987544560416666,1.67730712890625,32.003440856933594,28
17,17.990062760416667,1.62640380859375,31.827743530273438,28
18,18.97384507776667,1.4826202392578125,31.695972442626953,28
19,19.97280669166667,2.3997802734375,31.477054595947266,28
20,20.9887507368,1.7035369873046875,30.996105194091797,28
21,21.984959509016665,1.781280517578125,30.755229949951172,28
22,22.989241761799995,1.6159210205078125,30.458053588867188,28
23,23.998095476383337,1.6939849853515625,30.230247497558594,28
24,24.966921302766668,2.617889404296875,29.71536636352539,27
25,25.982598517349995,2.680572509765625,29.530197143554688,28
26,26.965539661799998,2.4688568115234375,29.372718811035156,27
27,27.97417944375,2.049560546875,29.090991973876953,28
28,28.985464184016667,2.1937713623046875,28.806766510009766,28
29,29.998407724999996,3.1625213623046875,28.672443389892578,28
30,30.974305939583335,3.0960845947265625,28.440715789794922,27
31,31.97425834305,2.7694854736328125,28.11151123046875,28
32,32.98029869513333,2.2305450439453125,27.818981170654297,28
33,33.98230363263333,2.2854766845703125,27.526355743408203,28
34,34.98465925208334,3.062896728515625,27.232608795166016,28
35,35.984852013183335,2.19342041015625,26.92822265625,28
36,36.976852202083336,2.8048553466796875,26.683704376220703,28
37,37.99360264096667,2.0750579833984375,26.286827087402344,29
38,38.98791304791666,2.53997802734375,26.014957427978516,28
39,39.98695437291667,3.427764892578125,25.806739807128906,28
40,40.98043159513333,2.8130340576171875,21.79794692993164,28
41,41.97329247638333,2.9424591064453125,21.28762435913086,28
42,42.99798707776666,2.94598388671875,20.825408935546875,29
43,43.978313261800004,2.411590576171875,20.082317352294922,28
44,44.97367367013333,1.9310302734375,19.494197845458984,28
45,45.96694643263333,2.6956787109375,18.5880126953125,28
46,46.98432213263333,2.5407867431640625,17.986122131347656,29
47,47.98676045901666,3.2156219482421875,17.620487213134766,28
48,48.981720179849994,3.3076171875,17.36008071899414,28
49,49.97629419166666,3.5619964599609375,16.98719024658203,28
50,50.97212922221667,2.8316802978515625,16.746578216552734,28
51,51.96647322221667,3.0513458251953125,16.439495086669922,28
52,52.99463102776667,2.6796112060546875,16.14006805419922,29
53,53.991630072916664,3.1158905029296875,15.848186492919922,28
54,54.995029118750004,3.1839599609375,15.602596282958984,28
55,55.99193932359999,3.0408935546875,15.407958984375,28
56,56.97889516249999,3.496673583984375,15.15670394897461,28
57,57.96690242984999,2.845367431640625,14.899833679199219,28
58,58.966014552766666,3.269775390625,14.558338165283203,28
59,59.98887691458334,2.751739501953125,14.429882049560547,28
60,60.98051686109999,3.08892822265625,14.258182525634766,27
61,61.98587350693333,2.85101318359375,14.1051025390625,28
62,62.969059815966666,2.448486328125,13.991809844970703,27
63,63.98146775693332,2.5929718017578125,13.863975524902344,28
64,64.99578159721666,2.67083740234375,13.709522247314453,28
65,65.96586842916666,3.403411865234375,13.507316589355469,27
66,66.9990612736,2.62847900390625,13.319599151611328,29
67,67.97113874234999,2.8409423828125,13.107685089111328,27
68,68.96811966109999,3.546112060546875,12.904224395751953,28
69,69.96999358125,2.8709259033203125,12.71059799194336,28
70,70.98944038609999,2.264007568359375,12.596908569335938,28
71,71.96678924166666,2.0103607177734375,12.459514617919922,27
72,72.97897919375,2.8569488525390625,12.311569213867188,28
73,73.99749953193333,3.187164306640625,12.197307586669922,28
74,74.98113603818334,3.491973876953125,12.026226043701172,27
75,75.01795289235,1.7651824951171875,12.026172637939453,1
