seconds,confirmed_rss_mib,unresolved_rss_mib,foreign_rss_mib,idle,cpu_interval_percent,interval_processes
0.0,209.46875,0.0,0.0,False,,
2.0105909170001723,238.515625,0.0,0.0,False,39.29193120889506,3
4.041113333999874,243.359375,0.0,0.0,False,11.819618340122725,3
6.073439374999907,245.59375,0.0,0.0,False,6.396611438193839,3
8.144826499999908,240.03125,0.0,0.0,False,1.9310731208682208,3
10.160156625000127,242.859375,0.0,0.0,False,13.397308790785356,3
12.235888624999916,282.984375,0.0,0.0,False,10.116912973352123,3
14.307612791999873,320.109375,0.0,0.0,False,9.17110506439364,4
16.34539666699993,356.3125,0.0,0.0,False,7.851666801514723,5
18.421150042000136,357.703125,0.0,0.0,False,7.70804479602421,6
20.494614208999792,358.015625,0.0,0.0,False,7.2342701835572605,6
22.569910749999963,359.1875,0.0,0.0,False,3.854870782054335,6
24.594638250000116,399.4375,0.0,0.0,False,30.127510986043998,6
26.668304291999902,376.59375,0.0,0.0,False,31.34545229728302,6
28.69256233399983,377.359375,0.0,0.0,False,11.85619595033867,6
30.76361712500011,353.875,0.0,0.0,False,13.036835199787006,6
32.83652887500011,332.265625,0.0,0.0,False,3.8593056361420097,6
34.86410312499993,334.421875,0.0,0.0,False,19.234807307305033,6
36.93238345899999,334.71875,0.0,0.0,False,4.351441075008406,6
38.962588333999975,334.703125,0.0,0.0,False,1.9702445054960698,6
40.96998758400014,334.59375,0.0,0.0,False,1.4944710176611542,6
43.029365792000135,334.515625,0.0,0.0,False,1.4567503862797204,6
45.10319170899993,334.328125,0.0,0.0,False,1.4466016532091963,6
47.13647641699981,334.328125,0.0,0.0,False,1.967260160007159,6
49.16224041699979,334.328125,0.0,0.0,False,0.9872818353964663,6
51.22684887500009,341.375,0.0,0.0,False,53.27886727081514,5
53.30156716700003,341.4375,0.0,0.0,True,7.22989721440237,6
55.35147516699999,341.5625,0.0,0.0,True,0.0,6
57.4211462090002,341.359375,0.0,0.0,True,0.4831685710950183,6
59.43715837499985,341.265625,0.0,0.0,True,0.0,6
61.47292537500016,341.1875,0.0,0.0,True,0.0,6
63.47491766699977,341.171875,0.0,0.0,True,0.0,6
65.54483699999992,479.40625,0.0,0.0,False,20.773756404156924,6
67.62014233399987,479.953125,0.0,0.0,False,14.937560990242604,10
69.66313195900011,480.125,0.0,0.0,False,18.11071360677883,10
71.73646800000006,479.96875,0.0,0.0,False,25.08035309843986,10
73.76296991700019,379.234375,0.0,0.0,False,28.12728649394923,6
75.83058212500009,415.40625,0.0,0.0,False,14.993140338433065,7
77.87967075000006,467.953125,0.0,0.0,False,45.38603107027708,8
79.92701641699978,400.203125,0.0,0.0,False,37.12123518026848,6
82.00293987499981,440.109375,0.0,0.0,False,10.597693241153957,7
84.06173887500017,440.890625,0.0,0.0,False,11.171561672604275,8
86.081716959,440.515625,0.0,0.0,False,5.940658512610351,8
88.14357779200009,570.859375,0.0,0.0,False,31.03992227587815,8
90.22136945900002,610.109375,0.0,0.0,False,10.106884310649624,11
92.24365679199991,400.109375,0.0,0.0,False,21.263051643711332,6
94.32011470899988,400.375,0.0,0.0,False,3.8527147285306755,7
96.334564709,400.328125,0.0,0.0,False,0.49641341309038045,7
98.39019074999987,400.03125,0.0,0.0,False,0.9729396106634859,7
100.42823745899977,399.921875,0.0,0.0,False,0.4906658888552626,7
102.50209833400004,400.65625,0.0,0.0,False,12.537002994473628,6
104.54521804200022,400.734375,0.0,0.0,False,1.4683427448000015,7
106.59515216699992,400.671875,0.0,0.0,False,0.9756411074918037,7
108.616076625,400.375,0.0,0.0,False,0.9896460959155143,7
110.63770954199981,400.328125,0.0,0.0,False,0.49464964266807815,7
112.71080866700004,400.328125,0.0,0.0,False,1.929478408322446,7
114.76362749999998,400.3125,0.0,0.0,False,0.9742700952705111,7
116.83477579200007,400.3125,0.0,0.0,False,0.48282395029970926,7
118.92065258399998,400.296875,0.0,0.0,False,1.4382441050718915,7
121.0329485000002,428.9375,0.0,0.0,False,12.78229995877016,6
123.05863037500012,427.09375,0.0,0.0,False,17.27813257943144,7
125.1252810420001,421.15625,0.0,0.0,False,7.741995420651469,8
127.192703875,422.3125,37.59375,0.0,False,59.010666832470484,7
129.21038249999992,478.859375,0.0,0.0,False,51.544383090247734,8
131.27578283399998,450.046875,0.0,0.0,False,24.208381870048925,7
133.3465403340001,466.53125,0.0,0.0,False,9.65830137039163,8
135.4196687499998,454.984375,0.0,0.0,False,49.68336703364898,7
137.49353854200035,515.4375,0.0,0.0,False,17.841042934671552,7
139.56317362499976,412.640625,0.0,0.0,False,21.742963467155704,7
141.61397574999955,448.671875,0.0,0.0,False,37.0586703970807,7
143.66225575000044,450.3125,0.0,0.0,False,12.693577050007136,8
145.73451033400033,485.34375,0.0,0.0,False,42.94839093959735,8
147.80198637499961,455.578125,0.0,0.0,False,29.020892532810215,8
149.8758195419996,456.6875,0.0,0.0,False,51.11307972441218,7
151.94476945899987,422.296875,0.0,0.0,False,25.13352284302435,7
154.01019879199976,457.5,0.0,0.0,False,33.40709793241035,7
156.08202012499987,460.875,0.0,0.0,False,12.549344668804244,8
158.0935232089996,463.5625,53.734375,0.0,False,44.74266070775348,8
160.10451845900025,464.5625,0.0,0.0,False,27.84690814161902,8
162.17695954200008,499.8125,31.078125,0.0,False,39.566866663975944,8
164.24921191700014,501.859375,0.0,0.0,False,20.75036830395649,9
166.3102337500004,500.96875,0.0,0.0,False,15.526278997936252,8
168.38712133399986,534.125,0.0,0.0,False,23.592995777672673,8
170.45581358399977,474.640625,0.0,0.0,False,29.97062516186389,8
172.52676579200033,504.328125,0.0,0.0,False,34.283746252429474,7
174.60130645899972,501.625,0.0,0.0,False,57.36209556794164,8
176.63645270899997,463.3125,69.796875,0.0,False,26.533719628254314,7
178.67804091699963,470.796875,0.0,0.0,False,16.653701205157855,8
180.73939658400013,471.03125,0.0,0.0,False,2.910705850548625,8
182.82066720900002,470.78125,0.0,0.0,False,2.8828543140566323,8
184.88708854200013,473.546875,0.0,0.0,False,12.098210370149374,8
186.9613395839997,473.53125,0.0,0.0,False,1.9284068895268098,8
189.04514966700026,422.578125,0.0,0.0,False,2.3994509100370554,7
191.1141582500004,418.78125,0.0,0.0,False,53.648883292231474,6
193.14236962500036,419.453125,0.0,0.0,False,16.763538760845858,7
195.200390125,419.65625,0.0,0.0,False,8.260364753413583,7
197.206933167,455.125,0.0,0.0,False,27.41032654110429,6
199.27821091700025,455.5625,0.0,0.0,False,13.035431872908623,8
201.35088279199954,422.265625,35.890625,0.0,False,28.94814211729529,7
203.37250587499966,417.46875,0.0,0.0,False,10.387693025762063,6
205.39715170900035,417.46875,0.0,0.0,False,0.4939135443870714,7
207.46913179199964,451.65625,0.0,0.0,False,18.33994463160731,7
209.50465229200017,452.125,0.0,0.0,False,8.351672213566795,8
211.54057483399993,457.171875,0.0,0.0,False,13.261801194793824,8
213.56030391700006,457.28125,0.0,0.0,False,10.397434080023485,8
215.57937250000032,450.109375,0.0,0.0,False,18.325281425071417,7
217.61700366700006,426.96875,0.0,0.0,False,13.250680710658392,7
219.6525954589997,426.6875,0.0,0.0,False,8.351379715134504,7
221.72407804199975,499.3125,0.0,0.0,False,31.378492164710075,6
223.78356783399977,508.734375,0.0,0.0,False,17.965614660351573,9
225.801640959,509.625,0.0,0.0,False,12.8835767534425,9
227.86528841699965,473.046875,0.0,0.0,False,81.40925396377871,6
229.93476516699957,938.9375,0.0,0.0,False,323.27012129999775,6
231.9962702920002,1082.015625,0.0,0.0,False,26.679535904614326,9
234.02443683399997,1232.3125,0.0,0.0,False,101.56956824506298,9
236.08043641699987,1241.390625,0.0,0.0,False,100.19457285075211,9
238.14681399999972,1331.984375,0.0,0.0,False,119.04891053012273,9
240.21553679200042,1332.34375,0.0,0.0,False,100.06173896300822,9
242.25119829199957,1355.546875,0.0,0.0,False,121.82772037497578,8
244.30205962499986,1341.28125,0.0,0.0,False,154.56920216846075,9
246.3589437090004,1347.15625,0.0,0.0,False,100.63765946275088,9
